,Word,Value
0,bininputfil,383
1,mounteddevicepathstorag,320
2,appactiv,177
3,usbdownloadmanaginstallreceiv,167
4,receivecbdata,75
5,copyfilswdl,216
6,contentcontextwrapp,149
7,showprogressdialogshowtru,192
8,surfaceflingdi,402
9,configstorisurfaceflingerconfig,325
10,getodxfilepathstoragedir,189
11,funusbswdlcopyservic,108
12,getnewversprevnewv,343
13,qualifiuser,145
14,updateprogressstart,61
15,swdlactivonresum,141
16,receivedatafromigcactiv,389
17,validvalu,387
18,userandroid,146
19,usbswdlusbswdlcopyservic,377
20,onserviceconnectonrsesoftwaredetailslisten,271
21,installreceivodxfilepath,356
22,fragmentactonresum,263
23,callactivityonresumandroid,246
24,dffidba,280
25,convertbytearraytointend,82
26,odximagefilepath,360
27,androidhardwar,323
28,swdlandrservic,293
29,getstatuexit,6
30,supportapp,261
31,checkmessagactiv,388
32,funstorageutil,183
33,remotbranch,181
34,crcvalu,218
35,mountdevic,185
36,waitdialogisshow,166
37,checktypusb,37
38,swdlactivreportlifecyclerestart,393
39,setupfindviewbyidstart,238
40,bindservicandroid,172
41,swdlrespons,21
42,occurevent,232
43,utilgetodxfil,338
44,registerupdatebroadcaststart,250
45,registerreceivend,249
46,setstatuexit,132
47,swdlactivseterrorcod,46
48,crcvalidverifycrc,219
49,igcreceivedatacb,28
50,imagefilepathstorag,361
51,pipeclose,229
52,statuvalid,92
53,onhandleintodx,203
54,dixffa,403
55,messaginstal,20
56,checktypend,39
57,getodxfilfile,165
58,getstatustart,5
59,semcount,58
60,receivedatacbdata,77
61,ffilestorag,341
62,datamessag,70
63,processqualifi,144
64,showsoftwareversend,346
65,onresumstatu,243
66,scanfordevicstart,295
67,imagefilenambin,363
68,updatstart,355
69,filentgl,379
70,ntglrsel,106
71,storageutilstorageinfo,314
72,activperformresum,247
73,sizesequenc,73
74,appcontextimpl,147
75,convertbytearraytointstart,79
76,mounteddeviccom,311
77,displaievent,226
78,inputpathstorag,213
79,statuinstal,7
80,mountavail,150
81,rselcode,107
82,sendusbbroadcaststart,30
83,remotsurfacefling,401
84,usbswdlusb,12
85,inputfilbin,384
86,swdlcrc,217
87,showcurrentversstart,274
88,checkmessaginstal,91
89,statuidl,102
90,enggetserviceconnectcom,256
91,idlvalu,188
92,copyfilstart,208
93,funusbbroadcastmanag,31
94,qualcommbuild,278
95,startserviccom,365
96,shownewversionlayoutend,90
97,appinstrument,175
98,updatsuccessfulli,139
99,enableinstalstart,333
100,methodprocess,143
101,validprogress,93
102,usbdownloadmanagonrec,370
103,reportlifecyclerestartstate,394
104,enableinstalend,334
105,gorestart,398
106,usbbroadcastmanagsendusbbroadcast,32
107,onresponsend,276
108,availstart,316
109,getmounteddeviceliststart,182
110,devvchar,65
111,odxfile,153
112,updatereceivaction,16
113,shadercompil,283
114,erroroccur,231
115,messagreceiv,71
116,startdownloadserviccom,367
117,showinstalllayoutend,52
118,odxodxfilenam,358
119,vcharaux,66
120,hideinstalllayoutend,225
121,onserviceconnectend,277
122,updatavail,122
123,instalend,354
124,ontickend,25
125,hwuipipelin,265
126,statuawait,197
127,supportusbswdlappl,254
128,usbdownloadmanagusbdownloadmanag,195
129,intentcmp,375
130,showcurrentversend,275
131,isshowtrue,193
132,usbdownloadmanagstartdownloadservic,366
133,updatetextstart,40
134,readservicconnect,270
135,statudownload,95
136,intentintent,374
137,messagscan,111
138,scanusbforupdatefilstart,307
139,usbswdl,4
140,swdlprogress,101
141,usbswdlusbdownloadmanag,169
142,completiniti,135
143,successfullicomplet,140
144,usbswdlutil,312
145,checkmessagupdat,391
146,updatfile,99
147,enggetserviceconnectstart,252
148,inputfilntgl,382
149,contextwrappstartservic,180
150,onserviceconnectreadservic,269
151,odxfilenamntgl,359
152,odxfilepathstorag,357
153,convertbytearraytointigcresponsebuff,81
154,downloadupdat,94
155,funcopyfil,215
156,swdlactivupdatereceiv,15
157,bindswdlandrservicend,245
158,binfile,207
159,usbswdlswdlactiv,121
160,downloadprogress,96
161,builddff,279
162,appfragmentact,262
163,progressmessag,22
164,fileodx,191
165,devicstart,317
166,checktypstart,38
167,sendusbbroadcastbroadcasttyp,34
168,idlmessag,152
169,odxffile,340
170,updatereceivcom,36
171,mountpoint,301
172,mntmedia,303
173,checkmessagstatu,45
174,datasize,23
175,branchmybranchefaab,286
176,storagedirnull,335
177,eventreceiv,227
178,shownewversionlayoutstart,89
179,usbswdlident,163
180,oninstallclickend,352
181,pathstorag,205
182,onresumstart,242
183,updatvalu,85
184,initivalid,136
185,resetresponsetimend,87
186,scanusbforupdatefilmounteddevicepath,319
187,binimagefilenam,362
188,hidenewversionlayoutstart,331
189,senddatadata,130
190,receivedatafromigcigcresponsebuff,83
191,hardwarconfigstor,324
192,androidsupport,260
193,identline,164
194,oninstallclickstart,347
195,instrumentcallactivityonresum,176
196,swdlactivcheckmessag,44
197,activonresum,259
198,branchquic,288
199,rebootsystemstart,392
200,availvalu,321
201,getstorageliststart,296
202,androidapp,110
203,updatereceivvalu,63
204,getnewversnewver,345
205,storagbin,168
206,messagupdat,159
207,getstoragelistclose,304
208,usbswdllinux,200
209,responsmessag,64
210,messagdownload,97
211,errorcode,49
212,hidenewversionlayoutend,332
213,checkmessagend,50
214,receivedatafromigcigcrespons,29
215,onresumend,258
216,validupdat,98
217,swdlscanusbforupdatefil,318
218,crcvalidsetcrcchecksum,209
219,usbswdlcopyservicextra,378
220,prevnewvstorag,344
221,getnewversstorag,342
222,updatereceivmessag,43
223,setupactionbarend,237
224,msgpleaswait,350
225,sendusbbroadcastaction,194
226,igcsenddata,105
227,igcresponsprogressvalu,88
228,ontickstart,24
229,swdlactivconvertbytearraytoint,80
230,setupfindviewbyidend,239
231,valunull,123
232,disableinstallenablecancelstart,55
233,bindswdlandrservicstart,244
234,showprogressdialogmsgrse,396
235,servicconnect,294
236,usbswdlcopyserviconhandleint,133
237,publicmount,298
238,showprogressdialogend,104
239,contextimplstartservic,179
240,broadcasttypusb,35
241,progressvalu,54
242,devicvalu,308
243,usbswdlcopyserviccopyfil,157
244,installreceivaction,196
245,checkmessagvalid,115
246,activupdat,138
247,copyfilfiles,214
248,showprogresslayoutend,60
249,usblinux,202
250,registerreceivstart,248
251,swdlactivnull,235
252,registerupdatebroadcastend,251
253,bindserviccom,174
254,progresstype,53
255,updatgrant,201
256,onresumandroid,160
257,bindswdlandrservicswdlandr,292
258,idltype,186
259,androidcontent,148
260,filevalu,119
261,igcreceivecb,26
262,codeodx,112
263,100001,1
264,sizedata,69
265,updatend,372
266,utilstorageutil,313
267,filebin,380
268,swdlstatu,17
269,showprogressdialogmsgpleas,349
270,isurfaceflingerconfighaswidecolordisplai,326
271,usbdownloadmanagwrap,368
272,checkmessagdownload,109
273,composerservicremot,400
274,requestrespons,199
275,panasondairs,10
276,startservicandroid,161
277,reconstructbranch,289
278,storagntgl,124
279,hideprogresslayoutstart,117
280,oncreatend,240
281,typeusb,42
282,swapbehavior,330
283,localbranch,285
284,crcchecksumfals,211
285,getstoragelistexit,306
286,seterrorcodcurrent,47
287,scanusbforupdatefilmounteddevic,310
288,completupdat,129
289,setupactionbarstart,236
290,onstartcom,241
291,onserviceconnectstart,266
292,onhandleintbin,206
293,mediamount,300
294,mybranchefaabcbcd,287
295,hideprogresslayoutend,118
296,disableinstallenablecancelend,56
297,storageutilgetstoragelist,184
298,resetresponsetimstart,86
299,showinstalllayoutstart,51
300,startinstalend,351
301,oncreatstart,233
302,oncreatcom,234
303,pfpxff,290
304,scancomplet,128
305,getstoragelistmedia,299
306,showprogressdialogmsg,114
307,funusbswdlappl,267
308,instalstart,353
309,onresponsstart,273
310,hideinstalllayoutstart,224
311,filestorag,337
312,receivedatacbend,84
313,enggetserviceconnectend,257
314,onrsesoftwaredetailslistenrespons,272
315,currenterror,48
316,swdlactivreceivedatafromigc,19
317,funcrcvalid,156
318,callmethod,142
319,auxtotal,67
320,receivedatafromigcinstal,221
321,openglshader,282
322,onresumcom,178
323,companason,9
324,sequencnumber,74
325,funutil,190
326,downloadcomplet,134
327,usbdevic,127
328,activprogress,116
329,closereader,305
330,usbdownloadmanagscanusbforupdatefil,309
331,activstatu,390
332,cmpcom,376
333,statuigcrespons,170
334,checkmessagscan,187
335,usbswdlapplenggetserviceconnect,255
336,pointmnt,302
337,completvalu,223
338,closeerror,230
339,usbswdlsupport,253
340,filepath,204
341,funusbdownloadmanag,151
342,startdownloadservicstart,364
343,haswidecolordisplairetriev,327
344,updatetextend,41
345,showsoftwareversstart,103
346,startinstalstart,348
347,setcrcchecksumcrcchecksum,210
348,xffxff,291
349,startdownloadservicend,371
350,stateactiv,395
351,enqueusem,57
352,getstoragelistmount,125
353,swdlinstal,154
354,swdlfun,2
355,actioncom,14
356,onhandleintintent,373
357,scanusb,126
358,compilversion,284
359,sendusbbroadcastend,33
360,receivedatacbstart,76
361,crcodx,385
362,funigc,27
363,crccalcul,386
364,odxinputfil,381
365,receivedatafromigcstatu,78
366,eglversion,329
367,startresponsetimontick,18
368,copyfilinputpath,212
369,rebootsystemend,399
370,receivpipe,228
371,uidcom,162
372,instalprogress,8
373,contextwrappbindservic,173
374,scanfordevicend,322
375,linuxupdat,155
376,setstatustart,131
377,messagvalid,100
378,awaitrequest,198
379,statuactiv,120
380,funswdlactiv,3
381,msgrsego,397
382,devicavail,315
383,getodxfilodx,339
384,receivsize,72
385,totaldata,68
386,instalstatu,222
387,validcomplet,137
388,getstoragelistpublic,297
389,utilgetodxfilepath,336
390,contextimplbindservic,171
391,messagactiv,158
392,initiegl,328
393,builddate,281
394,dairsusbswdl,11
395,instalupdat,13
396,showprogressdialogshowfals,113
397,usbswdlapplonserviceconnect,268
398,onstartstartservic,264
399,showprogresslayoutstart,59
400,verifycrccrc,220
401,wrapcom,369
402,updateprogressend,62
